Dominio,2018,2018.1,2018.2,2018.3,2018.4,2018.5,2018.6,2018.7,2018.8,2018.9,2018.10,2018.11,2018.12,2018.13,2018.14,2019,2019.1,2019.2,2019.3,2019.4,2019.5,2019.6,2019.7,2019.8,2019.9,2019.10,2019.11,2019.12,2019.13,2019.14,2020,2020.1,2020.2,2020.3,2020.4,2020.5,2020.6,2020.7,2020.8,2020.9,2020.10,2020.11,2020.12,2020.13,2020.14,2021,2021.1,2021.2,2021.3,2021.4,2021.5,2021.6,2021.7,2021.8,2021.9,2021.10,2021.11,2021.12,2021.13,2021.14,2022,2022.1,2022.2,2022.3,2022.4,2022.5,2022.6,2022.7,2022.8,2022.9,2022.10,2022.11,2022.12,2022.13,2022.14,2023,2023.1,2023.2,2023.3,2023.4,2023.5,2023.6,2023.7,2023.8,2023.9,2023.10,2023.11,2023.12,2023.13,2023.14,2024*,2024*.1,2024*.2,2024*.3,2024*.4,2024*.5,2024*.6,2024*.7,2024*.8,2024*.9,2024*.10
Dominio,Total hogares,Energía,Energía,Gas natural,Gas natural,Acueducto,Acueducto,Alcantarillado,Alcantarillado,Recolección de basura,Recolección de basura,Teléfono fijo,Teléfono fijo,Ningún servicio,Ningún servicio,Total hogares,Energía,Energía,Gas natural,Gas natural,Acueducto,Acueducto,Alcantarillado,Alcantarillado,Recolección de basura,Recolección de basura,Teléfono fijo,Teléfono fijo,Ningún servicio,Ningún servicio,Total hogares,Energía,Energía,Gas natural,Gas natural,Acueducto,Acueducto,Alcantarillado,Alcantarillado,Recolección de basura,Recolección de basura,Teléfono fijo,Teléfono fijo,Ningún servicio,Ningún servicio,Total hogares,Energía,Energía,Gas natural,Gas natural,Acueducto,Acueducto,Alcantarillado,Alcantarillado,Recolección de basura,Recolección de basura,Teléfono fijo,Teléfono fijo,Ningún servicio,Ningún servicio,Total hogares,Energía,Energía,Gas natural,Gas natural,Acueducto,Acueducto,Alcantarillado,Alcantarillado,Recolección de basura,Recolección de basura,Teléfono fijo,Teléfono fijo,Ningún servicio,Ningún servicio,Total hogares,Energía,Energía,Gas natural,Gas natural,Acueducto,Acueducto,Alcantarillado,Alcantarillado,Recolección de basura,Recolección de basura,Teléfono fijo,Teléfono fijo,Ningún servicio,Ningún servicio,Total hogares,Energía,Energía,Gas natural,Gas natural,Acueducto,Acueducto,Alcantarillado,Alcantarillado,Recolección de basura,Recolección de basura
Dominio,Total hogares,Energía,Energía,Gas natural,Gas natural,Acueducto,Acueducto,Alcantarillado,Alcantarillado,Recolección de basura,Recolección de basura,Teléfono fijo,Teléfono fijo,Ningún servicio,Ningún servicio,Total hogares,Energía,Energía,Gas natural,Gas natural,Acueducto,Acueducto,Alcantarillado,Alcantarillado,Recolección de basura,Recolección de basura,Teléfono fijo,Teléfono fijo,Ningún servicio,Ningún servicio,Total hogares,Energía,Energía,Gas natural,Gas natural,Acueducto,Acueducto,Alcantarillado,Alcantarillado,Recolección de basura,Recolección de basura,Teléfono fijo,Teléfono fijo,Ningún servicio,Ningún servicio,Total hogares,Energía,Energía,Gas natural,Gas natural,Acueducto,Acueducto,Alcantarillado,Alcantarillado,Recolección de basura,Recolección de basura,Teléfono fijo,Teléfono fijo,Ningún servicio,Ningún servicio,Total hogares,Energía,Energía,Gas natural,Gas natural,Acueducto,Acueducto,Alcantarillado,Alcantarillado,Recolección de basura,Recolección de basura,Teléfono fijo,Teléfono fijo,Ningún servicio,Ningún servicio,Total hogares,Energía,Energía,Gas natural,Gas natural,Acueducto,Acueducto,Alcantarillado,Alcantarillado,Recolección de basura,Recolección de basura,Teléfono fijo,Teléfono fijo,Ningún servicio,Ningún servicio,Total hogares,Energía,Energía,Gas natural,Gas natural,Acueducto,Acueducto,Alcantarillado,Alcantarillado,Recolección de basura,Recolección de basura
Dominio,Total hogares,Total,%,Total,%,Total,%,Total,%,Total,%,Total,%,Total,%,Total hogares,Total,%,Total,%,Total,%,Total,%,Total,%,Total,%,Total,%,Total hogares,Total,%,Total,%,Total,%,Total,%,Total,%,Total,%,Total,%,Total hogares,Total,%,Total,%,Total,%,Total,%,Total,%,Total,%,Total,%,Total hogares,Total,%,Total,%,Total,%,Total,%,Total,%,Total,%,Total,%,Total hogares,Total,%,Total,%,Total,%,Total,%,Total,%,Total,%,Total,%,Total hogares,Total,%,Total,%,Total,%,Total,%,Total,%
Total nacional,15.403,15.048,"97,7",9.921,"64,4",13.367,"86,8",11.403,"74,0",12.515,"81,3",4.440,"28,8",294,"1,9",15.999,15.694,"98,1",10.320,"64,5",13.916,"87,0",11.896,"74,4",13.084,"81,8",4.039,"25,2",249,"1,6",16.417,16.126,"98,2",10.795,"65,8",14.671,"89,4",12.329,"75,1",13.558,"82,6",3.906,"23,8",249,"1,5",17.068,16.622,"97,4",11.475,"67,2",14.890,"87,2",12.808,"75,0",14.085,"82,5",3.753,"22,0",400,"2,3",17.526,17.278,"98,6",12.021,"68,6",15.578,"88,9",13.218,"75,4",14.516,"82,8",3.256,"18,6",214,"1,2",18.009,17.776,"98,7",12.551,"69,7",16.210,"90,0",13.693,"76,0",15.018,"83,4",2.882,"16,0",208,"1,2",18.489,18.279,"98,9",13.101,"70,9",16.667,"90,1",14.089,"76,2",15.465,"83,6"
Cabecera,11.742,11.714,"99,8",9.515,"81,0",11.397,"97,1",10.877,"92,6",11.537,"98,2",4.379,"37,3",7,"0,1",12.221,12.200,"99,8",9.856,"80,6",11.876,"97,2",11.338,"92,8",12.037,"98,5",3.970,"32,5",4,"0,0",12.551,12.537,"99,9",10.245,"81,6",12.234,"97,5",11.680,"93,1",12.345,"98,4",3.855,"30,7",4,"0,0",13.160,13.141,"99,9",10.909,"82,9",12.837,"97,5",12.223,"92,9",12.918,"98,2",3.716,"28,2",5,"0,0",13.554,13.536,"99,9",11.431,"84,3",13.251,"97,8",12.630,"93,2",13.333,"98,4",3.223,"23,8",4,"0,0",13.952,13.928,"99,8",11.847,"84,9",13.669,"98,0",13.046,"93,5",13.722,"98,3",2.853,"20,4",13,"0,1",14.343,14.323,"99,9",12.346,"86,1",14.087,"98,2",13.450,"93,8",14.166,"98,8"
Centros poblados y rural disperso,3.660,3.334,"91,1",406,"11,1",1.970,"53,8",527,"14,4",978,"26,7",61,"1,7",287,"7,8",3.778,3.494,"92,5",464,"12,3",2.040,"54,0",558,"14,8",1.047,"27,7",70,"1,8",245,"6,5",3.865,3.590,"92,9",550,"14,2",2.437,"63,1",649,"16,8",1.214,"31,4",51,"1,3",244,"6,3",3.908,3.481,"89,1",566,"14,5",2.053,"52,5",584,"15,0",1.167,"29,9",37,"1,0",395,"10,1",3.972,3.742,"94,2",590,"14,9",2.327,"58,6",588,"14,8",1.183,"29,8",34,"0,8",210,"5,3",4.057,3.848,"94,8",704,"17,4",2.542,"62,6",646,"15,9",1.296,"32,0",29,"0,7",195,"4,8",4.146,3.956,"95,4",755,"18,2",2.580,"62,2",639,"15,4",1.298,"31,3"
Amazonas,22,18,"84,8",0,"0,0",5,"24,7",5,"22,6",9,"41,7",0,"1,1",3,"14,0",22,19,"84,7",0,"0,0",8,"34,2",4,"20,1",11,"50,4",0,"0,7",3,"13,5",25,21,"83,2",0,"0,0",12,"45,7",9,"35,8",14,"54,2",0,"1,3",4,"14,1",21,17,"81,7",0,"0,0",11,"51,7",7,"33,6",11,"53,2",0,"0,1",3,"14,7",22,18,"83,2",0,"0,0",9,"43,3",9,"42,3",12,"53,3",0,"0,4",3,"13,6",27,24,"89,8",0,"0,0",11,"41,7",10,"38,7",15,"57,6",0,"0,5",2,"8,3",27,26,"95,7",0,"0,0",12,"45,3",8,"30,6",14,"52,4"
Antioquia,2.107,2.097,"99,5",1.219,"57,8",1.834,"87,0",1.648,"78,2",1.853,"88,0",914,"43,4",6,"0,3",2.133,2.128,"99,8",1.327,"62,2",1.949,"91,4",1.786,"83,8",1.933,"90,6",863,"40,5",3,"0,1",2.180,2.173,"99,7",1.292,"59,3",2.040,"93,6",1.785,"81,9",1.992,"91,4",664,"30,5",4,"0,2",2.328,2.319,"99,6",1.455,"62,5",2.134,"91,6",1.905,"81,8",2.146,"92,2",628,"27,0",4,"0,2",2.406,2.405,"99,9",1.551,"64,5",2.239,"93,1",1.945,"80,9",2.203,"91,6",583,"24,2",1,"0,0",2.485,2.482,"99,9",1.634,"65,8",2.344,"94,3",2.027,"81,6",2.288,"92,1",533,"21,5",1,"0,1",2.563,2.560,"99,9",1.751,"68,3",2.368,"92,4",2.090,"81,6",2.364,"92,3"
Arauca,92,89,"96,2",5,"5,2",70,"75,7",53,"57,6",65,"69,9",4,"4,0",2,"2,5",103,101,"98,0",5,"5,1",75,"72,8",61,"59,6",72,"69,9",4,"4,0",2,"1,5",108,106,"98,3",7,"6,9",80,"73,9",62,"57,3",74,"68,7",4,"4,0",1,"1,3",109,104,"95,0",11,"10,0",73,"66,5",59,"54,4",71,"65,1",2,"1,5",5,"4,7",113,112,"99,5",14,"12,6",83,"73,0",62,"54,9",73,"64,4",2,"1,4",1,"0,4",114,112,"98,4",28,"24,8",81,"70,9",58,"51,3",76,"66,8",1,"0,6",2,"1,4",125,122,"97,9",28,"22,5",81,"65,2",65,"52,1",84,"67,1"
Atlántico,647,645,"99,7",579,"89,5",637,"98,5",533,"82,4",617,"95,4",212,"32,7",1,"0,2",679,677,"99,7",596,"87,7",664,"97,8",576,"84,8",654,"96,3",177,"26,1",2,"0,3",720,718,"99,8",647,"89,9",699,"97,1",639,"88,7",687,"95,5",234,"32,5",1,"0,2",754,754,"99,9",676,"89,6",738,"97,8",669,"88,8",720,"95,4",225,"29,9",1,"0,1",774,774,"99,9",721,"93,1",757,"97,7",674,"87,0",743,"96,0",205,"26,4",1,"0,1",795,795,"99,9",733,"92,2",766,"96,3",713,"89,7",758,"95,4",168,"21,1",0,"0,0",817,816,"99,9",741,"90,7",799,"97,8",698,"85,4",790,"96,7"
Bogotá D.C.,2.601,2.598,"99,9",2.407,"92,5",2.590,"99,6",2.585,"99,4",2.582,"99,2",1.492,"57,4",0,"0,0",2.692,2.692,"100,0",2.434,"90,4",2.689,"99,9",2.684,"99,7",2.687,"99,8",1.359,"50,5",0,"0,0",2.692,2.692,"100,0",2.520,"93,6",2.675,"99,4",2.671,"99,2",2.688,"99,8",1.373,"51,0",0,"0,0",2.865,2.864,"100,0",2.659,"92,8",2.838,"99,1",2.828,"98,7",2.847,"99,4",1.390,"48,5",1,"0,0",2.940,2.940,"100,0",2.750,"93,5",2.927,"99,6",2.914,"99,1",2.927,"99,6",1.209,"41,1",0,"0,0",3.018,3.018,"100,0",2.797,"92,7",3.001,"99,4",2.997,"99,3",3.015,"99,9",1.051,"34,8",0,"0,0",3.098,3.095,"99,9",2.945,"95,1",3.094,"99,9",3.077,"99,3",3.092,"99,8"
Bolívar,582,561,"96,3",400,"68,7",446,"76,5",267,"45,9",421,"72,3",88,"15,2",20,"3,4",601,591,"98,3",411,"68,3",490,"81,4",273,"45,4",427,"71,0",84,"14,0",9,"1,6",656,638,"97,3",417,"63,5",524,"79,9",296,"45,2",483,"73,6",104,"15,9",16,"2,4",656,629,"95,9",423,"64,5",529,"80,7",307,"46,9",458,"69,7",102,"15,5",23,"3,6",674,664,"98,5",453,"67,2",580,"86,1",342,"50,8",510,"75,7",59,"8,8",6,"1,0",692,688,"99,4",469,"67,8",600,"86,8",334,"48,2",512,"74,1",80,"11,6",4,"0,6",710,703,"99,0",481,"67,8",607,"85,5",370,"52,1",533,"75,1"
Boyacá,424,418,"98,6",209,"49,2",347,"81,8",256,"60,3",264,"62,2",30,"7,0",5,"1,1",447,440,"98,4",248,"55,4",382,"85,5",277,"61,9",285,"63,7",18,"4,0",5,"1,1",423,421,"99,5",245,"57,8",394,"93,2",267,"63,2",278,"65,7",22,"5,2",1,"0,2",433,428,"98,9",261,"60,3",384,"88,6",271,"62,5",285,"65,8",18,"4,1",3,"0,8",441,438,"99,4",279,"63,3",394,"89,5",289,"65,6",296,"67,1",10,"2,3",1,"0,3",448,447,"99,7",291,"65,0",427,"95,3",294,"65,6",311,"69,5",11,"2,4",0,"0,1",455,454,"99,6",293,"64,3",427,"93,7",296,"65,0",315,"69,3"
Caldas,340,339,"99,8",218,"64,2",308,"90,8",283,"83,1",292,"85,9",86,"25,5",0,"0,1",350,349,"99,8",223,"63,7",311,"88,8",285,"81,3",300,"85,7",73,"20,8",0,"0,1",367,366,"99,9",243,"66,2",338,"92,1",306,"83,6",326,"89,0",80,"21,7",0,"0,1",355,353,"99,2",246,"69,1",320,"89,9",296,"83,3",304,"85,5",72,"20,1",3,"0,7",363,362,"99,8",256,"70,6",334,"92,1",304,"83,6",315,"86,6",74,"20,4",0,"0,1",371,370,"99,8",262,"70,5",347,"93,5",310,"83,6",325,"87,6",53,"14,4",0,"0,1",380,380,"100,0",274,"72,3",352,"92,8",310,"81,6",339,"89,3"
Caquetá,133,122,"91,7",45,"33,7",96,"72,1",84,"63,1",92,"69,2",8,"5,8",9,"7,0",134,123,"92,2",45,"33,4",96,"71,8",81,"60,5",94,"70,1",6,"4,1",10,"7,1",131,124,"94,5",58,"44,0",101,"77,3",85,"65,1",98,"74,9",4,"2,7",6,"4,7",139,128,"91,6",67,"48,1",102,"72,9",89,"63,8",103,"73,8",3,"1,8",11,"7,8",144,140,"97,4",67,"46,4",116,"80,6",92,"64,1",108,"74,9",3,"2,4",3,"2,2",148,146,"98,5",82,"55,6",117,"79,2",98,"66,2",112,"75,5",2,"1,6",2,"1,3",153,151,"98,6",88,"57,4",116,"76,0",105,"68,9",112,"73,5"
Casanare,140,136,"97,7",102,"73,0",118,"84,4",99,"70,9",108,"77,6",4,"3,0",2,"1,5",146,141,"96,6",108,"74,3",121,"82,8",102,"69,6",112,"76,8",4,"2,6",3,"2,2",148,143,"96,5",112,"76,0",121,"81,9",102,"69,2",114,"77,1",3,"2,1",3,"2,2",154,147,"96,0",121,"78,7",125,"81,1",110,"71,6",120,"78,0",2,"1,6",4,"2,5",157,153,"97,2",132,"83,8",129,"82,2",111,"70,8",123,"78,5",2,"1,5",3,"1,7",161,157,"97,8",137,"85,5",134,"83,2",116,"72,2",127,"78,9",3,"1,8",2,"1,4",165,162,"98,3",141,"85,7",140,"84,7",116,"70,3",133,"80,7"
Cauca,456,445,"97,5",134,"29,5",358,"78,4",203,"44,4",205,"45,0",23,"5,1",9,"1,9",481,471,"98,1",139,"28,9",379,"78,9",201,"41,8",205,"42,7",19,"4,0",6,"1,2",480,467,"97,3",132,"27,6",395,"82,3",202,"42,0",208,"43,4",27,"5,6",9,"2,0",559,509,"91,1",156,"27,9",406,"72,6",228,"40,8",247,"44,2",19,"3,3",43,"7,7",574,559,"97,3",152,"26,5",430,"74,8",233,"40,5",245,"42,6",27,"4,8",13,"2,3",590,583,"98,8",171,"28,9",465,"78,9",253,"42,9",265,"45,0",17,"2,8",5,"0,9",604,601,"99,4",166,"27,4",513,"84,8",257,"42,5",264,"43,7"
Cesar,341,328,"96,4",219,"64,4",298,"87,5",257,"75,5",270,"79,3",39,"11,4",11,"3,1",365,353,"96,5",246,"67,2",316,"86,5",267,"73,1",288,"78,8",31,"8,6",11,"2,9",376,366,"97,5",238,"63,4",337,"89,7",270,"71,9",304,"80,9",29,"7,7",8,"2,2",400,390,"97,6",276,"69,0",350,"87,5",309,"77,4",321,"80,5",37,"9,2",8,"2,1",412,405,"98,2",282,"68,5",362,"87,8",305,"74,1",322,"78,1",38,"9,3",7,"1,6",425,416,"98,0",296,"69,8",379,"89,2",322,"75,9",338,"79,6",22,"5,2",8,"1,8",438,436,"99,6",323,"73,9",398,"90,9",337,"77,0",359,"82,1"
Córdoba,495,485,"98,0",234,"47,4",376,"76,0",192,"38,9",275,"55,6",31,"6,3",9,"1,9",510,502,"98,5",240,"47,2",349,"68,5",205,"40,2",287,"56,4",35,"6,9",5,"1,0",532,530,"99,5",253,"47,6",391,"73,5",228,"42,9",290,"54,6",21,"3,9",2,"0,3",589,580,"98,6",296,"50,3",417,"70,9",250,"42,5",337,"57,3",23,"4,0",8,"1,3",603,601,"99,7",295,"49,0",428,"71,0",260,"43,1",337,"55,9",22,"3,6",1,"0,2",618,615,"99,6",319,"51,7",464,"75,1",287,"46,5",361,"58,4",12,"1,9",2,"0,3",632,629,"99,6",315,"49,8",455,"72,0",273,"43,3",382,"60,4"
Cundinamarca,974,968,"99,3",673,"69,0",892,"91,5",752,"77,2",807,"82,8",192,"19,7",4,"0,4",1.054,1.051,"99,7",693,"65,7",946,"89,7",786,"74,5",896,"85,0",149,"14,1",2,"0,2",1.100,1.095,"99,5",788,"71,6",1.056,"96,0",847,"77,0",947,"86,1",144,"13,1",2,"0,2",1.190,1.179,"99,1",891,"74,9",1.106,"93,0",940,"79,0",1.051,"88,4",167,"14,0",8,"0,7",1.244,1.241,"99,7",963,"77,4",1.198,"96,2",996,"80,0",1.084,"87,1",148,"11,9",2,"0,1",1.299,1.297,"99,8",1.048,"80,7",1.262,"97,1",1.042,"80,2",1.153,"88,7",148,"11,4",1,"0,0",1.355,1.350,"99,7",1.082,"79,8",1.316,"97,1",1.104,"81,5",1.194,"88,1"
Chocó,165,133,"80,4",1,"0,7",56,"33,9",28,"17,1",76,"46,3",7,"4,3",26,"15,7",170,163,"95,9",2,"1,2",60,"35,1",36,"21,4",88,"51,8",6,"3,3",7,"3,9",182,164,"89,9",0,"0,0",51,"27,8",26,"14,3",87,"47,6",2,"1,2",18,"9,8",172,140,"81,8",0,"0,0",47,"27,6",24,"13,9",79,"45,8",3,"1,7",30,"17,7",176,161,"91,4",0,"0,0",72,"41,1",38,"21,8",90,"50,9",3,"1,7",14,"8,1",181,173,"95,5",0,"0,0",51,"28,4",29,"16,2",89,"49,5",1,"0,6",8,"4,4",185,179,"96,6",0,"0,0",77,"41,6",31,"16,7",102,"55,0"
Guainía,13,8,"66,3",0,"0,0",3,"23,5",3,"25,1",5,"37,9",0,"0,4",4,"28,9",14,10,"70,2",0,"0,0",3,"21,1",4,"25,4",5,"38,3",0,"0,3",4,"29,0",16,10,"61,6",0,"0,0",3,"19,5",4,"24,1",6,"35,7",0,"0,1",5,"35,0",15,10,"65,0",0,"0,0",3,"22,9",3,"19,4",5,"32,2",0,"0,2",5,"32,3",15,12,"76,5",0,"0,0",4,"24,4",4,"26,5",6,"37,6",0,"0,1",3,"22,1",15,12,"82,6",0,"0,0",5,"35,1",4,"29,3",5,"34,1",0,"0,2",2,"15,6",17,14,"80,1",0,"0,0",4,"21,7",4,"21,9",5,"28,1"
Guaviare,28,23,"83,4",5,"17,0",12,"42,5",12,"41,0",17,"60,6",0,"0,8",4,"15,0",31,26,"85,8",5,"15,1",12,"39,7",12,"40,8",18,"57,9",1,"1,7",4,"12,8",30,27,"89,7",5,"16,1",13,"43,9",13,"43,8",19,"63,1",0,"0,8",3,"9,6",31,26,"86,3",5,"17,7",14,"46,0",13,"44,0",18,"60,5",0,"0,3",4,"12,6",32,30,"93,0",5,"15,9",16,"50,9",15,"47,3",19,"60,4",0,"0,3",2,"6,4",30,28,"94,5",6,"19,0",18,"59,1",15,"51,3",20,"67,4",0,"0,1",1,"4,5",35,34,"96,8",8,"24,0",19,"54,2",17,"48,5",21,"61,1"
Huila,349,346,"99,1",229,"65,5",296,"84,8",240,"68,8",244,"69,7",58,"16,6",2,"0,6",351,347,"99,0",229,"65,2",303,"86,5",233,"66,5",248,"70,8",50,"14,3",2,"0,5",351,348,"99,1",247,"70,4",323,"92,0",249,"70,7",253,"71,9",45,"12,7",1,"0,3",366,362,"99,0",245,"67,0",312,"85,4",250,"68,4",254,"69,4",48,"13,2",2,"0,6",374,373,"99,6",246,"65,8",329,"87,8",252,"67,4",259,"69,2",28,"7,4",1,"0,3",382,380,"99,4",261,"68,4",344,"90,0",260,"68,1",265,"69,2",36,"9,3",1,"0,3",390,389,"99,7",277,"71,1",358,"91,7",264,"67,6",273,"70,0"
La Guajira,258,167,"64,7",91,"35,4",133,"51,4",95,"36,6",117,"45,2",8,"2,9",84,"32,6",282,185,"65,6",113,"40,1",143,"50,8",115,"40,9",139,"49,4",12,"4,1",91,"32,3",296,201,"67,8",111,"37,5",153,"51,6",127,"42,8",150,"50,8",5,"1,6",92,"31,1",295,179,"60,7",110,"37,3",138,"46,8",125,"42,2",150,"50,8",4,"1,5",115,"39,0",307,210,"68,4",125,"40,7",153,"49,7",128,"41,6",164,"53,4",6,"2,0",96,"31,4",318,220,"69,1",135,"42,5",174,"54,6",139,"43,6",163,"51,1",4,"1,3",95,"29,9",329,233,"70,6",146,"44,2",174,"52,8",156,"47,3",178,"53,9"
Magdalena,366,350,"95,5",222,"60,7",290,"79,1",177,"48,3",275,"75,2",48,"13,0",16,"4,3",396,388,"98,0",230,"58,2",312,"78,7",188,"47,4",289,"72,9",41,"10,3",7,"1,9",404,394,"97,5",240,"59,4",327,"80,9",205,"50,9",298,"73,9",48,"11,8",9,"2,3",411,396,"96,3",277,"67,3",343,"83,3",220,"53,6",302,"73,4",23,"5,7",14,"3,5",422,416,"98,7",279,"66,3",360,"85,4",217,"51,5",319,"75,7",14,"3,4",4,"1,0",432,431,"99,8",288,"66,8",378,"87,6",234,"54,1",339,"78,4",23,"5,3",1,"0,2",442,437,"99,1",311,"70,4",390,"88,3",252,"57,0",325,"73,6"
Meta,344,335,"97,4",225,"65,3",269,"78,1",270,"78,6",286,"83,1",47,"13,5",8,"2,3",354,340,"96,2",231,"65,4",278,"78,6",264,"74,6",288,"81,4",38,"10,8",8,"2,3",364,357,"98,2",237,"65,3",299,"82,3",284,"78,1",301,"82,8",45,"12,4",6,"1,5",370,358,"96,8",248,"67,1",306,"82,8",290,"78,5",315,"85,2",49,"13,2",11,"2,9",378,373,"98,6",260,"68,7",313,"82,8",293,"77,4",324,"85,6",20,"5,2",5,"1,3",386,380,"98,4",270,"69,8",324,"83,8",301,"77,8",332,"85,9",22,"5,6",4,"1,2",395,391,"98,9",280,"70,9",332,"84,0",315,"79,9",339,"85,9"
Nariño,510,501,"98,2",23,"4,6",388,"76,0",200,"39,1",258,"50,5",37,"7,2",7,"1,4",538,530,"98,6",31,"5,8",393,"73,0",228,"42,4",285,"53,0",36,"6,7",6,"1,0",534,524,"98,2",28,"5,2",419,"78,4",243,"45,5",315,"59,0",34,"6,4",8,"1,5",577,563,"97,6",38,"6,6",408,"70,6",249,"43,2",327,"56,7",32,"5,6",12,"2,2",588,585,"99,5",47,"7,9",427,"72,6",262,"44,5",321,"54,5",36,"6,0",2,"0,3",600,587,"97,9",82,"13,7",447,"74,5",260,"43,4",353,"58,8",24,"3,9",12,"2,0",611,610,"99,9",83,"13,6",464,"76,0",255,"41,8",333,"54,5"
Norte de Santander,460,451,"98,1",224,"48,6",397,"86,2",366,"79,5",386,"83,9",72,"15,6",7,"1,5",476,473,"99,4",220,"46,3",400,"84,1",374,"78,5",400,"84,0",87,"18,2",2,"0,4",508,503,"99,2",226,"44,5",440,"86,6",397,"78,2",425,"83,7",79,"15,5",2,"0,4",494,490,"99,2",256,"51,9",424,"86,0",399,"80,9",418,"84,6",65,"13,2",3,"0,6",504,500,"99,3",306,"60,9",434,"86,2",420,"83,5",429,"85,2",45,"9,0",3,"0,5",514,511,"99,5",315,"61,3",448,"87,2",432,"84,0",441,"85,9",42,"8,2",2,"0,4",524,523,"99,8",311,"59,4",459,"87,6",437,"83,4",448,"85,5"
Putumayo,117,99,"84,4",14,"11,8",58,"49,2",60,"50,9",65,"55,3",2,"1,6",15,"12,9",125,110,"87,9",18,"14,2",60,"48,1",61,"48,4",71,"57,0",2,"1,3",13,"10,5",125,109,"87,3",19,"15,0",72,"57,7",67,"53,4",75,"59,8",1,"0,7",14,"11,6",146,116,"79,9",18,"12,6",67,"45,9",75,"51,6",88,"60,4",1,"0,7",29,"19,8",151,132,"87,9",20,"13,2",82,"54,4",82,"54,6",96,"63,7",1,"0,5",16,"10,5",156,147,"94,5",27,"17,1",85,"54,5",86,"55,3",98,"63,2",0,"0,3",8,"5,2",161,147,"91,1",25,"15,2",90,"56,0",84,"51,9",98,"60,6"
Quindío,190,188,"99,1",147,"77,5",185,"97,3",168,"88,4",180,"94,8",58,"30,5",1,"0,4",195,194,"99,7",151,"77,5",190,"97,4",178,"91,1",185,"95,0",48,"24,6",0,"0,0",210,209,"99,5",170,"80,9",205,"97,8",190,"90,7",199,"94,7",47,"22,2",1,"0,3",199,198,"99,5",165,"82,8",194,"97,4",181,"91,1",188,"94,7",35,"17,7",0,"0,2",204,203,"99,7",166,"81,4",200,"97,8",181,"88,7",195,"95,6",31,"15,2",0,"0,0",209,209,"99,6",178,"84,8",204,"97,7",185,"88,5",199,"95,0",34,"16,3",0,"0,0",215,214,"99,8",178,"82,9",210,"98,0",191,"88,9",205,"95,8"
Risaralda,325,324,"99,7",231,"71,1",308,"94,8",272,"83,6",289,"88,9",96,"29,4",1,"0,2",335,334,"99,8",239,"71,3",321,"95,9",272,"81,3",297,"88,9",93,"27,6",0,"0,1",349,346,"99,2",264,"75,8",336,"96,4",297,"85,0",315,"90,3",92,"26,4",2,"0,6",333,331,"99,4",258,"77,3",319,"95,7",287,"86,0",301,"90,2",112,"33,7",1,"0,4",341,340,"99,7",274,"80,3",327,"96,0",293,"85,9",311,"91,1",70,"20,5",0,"0,1",349,348,"99,6",287,"82,3",338,"96,7",300,"86,0",320,"91,5",96,"27,4",1,"0,3",357,355,"99,5",293,"82,2",333,"93,1",307,"86,0",323,"90,5"
San Andrés,16,16,"99,8",0,"0,0",8,"51,1",5,"28,9",16,"99,8",2,"15,2",0,"0,0",15,15,"100,0",0,"0,0",5,"30,3",3,"19,2",15,"99,9",1,"9,6",0,"0,0",16,16,"100,0",0,"0,0",7,"42,9",3,"19,9",16,"99,7",1,"7,3",0,"0,0",15,15,"100,0",0,"0,0",6,"37,4",4,"27,5",15,"99,6",0,"2,7",0,"0,0",16,16,"99,5",0,"0,0",7,"43,2",6,"38,0",15,"97,3",1,"7,9",0,"0,1",16,16,"99,8",0,"0,0",8,"50,8",7,"44,8",16,"100,0",0,"2,2",0,"0,0",17,17,"99,8",0,"0,0",7,"40,6",6,"38,4",16,"99,4"
Santander,714,711,"99,6",513,"71,8",592,"82,8",551,"77,2",565,"79,1",243,"34,0",2,"0,3",738,733,"99,4",488,"66,1",610,"82,6",550,"74,5",579,"78,4",217,"29,4",2,"0,3",755,753,"99,7",550,"72,9",675,"89,4",570,"75,4",597,"79,0",192,"25,4",2,"0,2",769,764,"99,3",572,"74,4",654,"85,1",590,"76,7",622,"80,9",194,"25,3",4,"0,5",786,783,"99,7",580,"73,8",690,"87,8",598,"76,1",635,"80,8",188,"23,9",1,"0,2",803,800,"99,6",572,"71,3",738,"91,9",620,"77,1",650,"81,0",188,"23,3",2,"0,2",821,818,"99,7",646,"78,6",763,"92,8",651,"79,3",679,"82,6"
Sucre,247,242,"97,7",146,"59,1",209,"84,7",129,"52,2",151,"60,9",15,"6,3",5,"2,1",271,252,"93,2",157,"57,9",230,"85,0",146,"53,9",160,"59,1",17,"6,2",13,"4,9",274,270,"98,7",137,"50,2",240,"87,5",135,"49,2",161,"58,7",12,"4,3",3,"1,0",278,274,"98,4",136,"49,0",232,"83,4",141,"50,6",165,"59,1",10,"3,7",3,"1,2",285,282,"98,9",154,"53,9",233,"81,8",152,"53,4",177,"62,0",7,"2,3",2,"0,8",292,290,"99,4",158,"54,1",262,"89,6",156,"53,3",182,"62,3",7,"2,5",1,"0,4",299,297,"99,4",170,"56,8",261,"87,3",163,"54,6",192,"64,2"
Tolima,444,437,"98,4",297,"66,9",381,"85,8",319,"71,9",326,"73,5",98,"22,2",5,"1,0",479,473,"98,7",322,"67,2",413,"86,1",335,"69,9",346,"72,3",90,"18,9",4,"0,8",467,465,"99,5",327,"70,1",422,"90,4",337,"72,1",348,"74,5",76,"16,2",1,"0,3",480,475,"98,9",351,"73,2",430,"89,6",345,"71,9",364,"75,9",78,"16,3",3,"0,6",488,485,"99,5",377,"77,3",431,"88,4",352,"72,2",374,"76,7",61,"12,5",1,"0,2",496,493,"99,5",385,"77,8",441,"89,0",368,"74,3",380,"76,7",42,"8,5",1,"0,2",504,502,"99,6",399,"79,2",456,"90,4",379,"75,3",390,"77,4"
Valle,1.460,1.446,"99,1",1.108,"75,9",1393,"95,4",1289,"88,3",1.387,"95,0",527,"36,1",7,"0,5",1472,1.463,"99,4",1.169,"79,4",1.397,"94,9",1.307,"88,8",1.405,"95,4",479,"32,6",3,"0,2",1.551,1.549,"99,9",1.279,"82,5",1.507,"97,2",1410,"90,9",1.477,"95,3",519,"33,5",1,"0,1",1511,1.502,"99,4",1.258,"83,2",1.450,"95,9",1.337,"88,5",1.441,"95,4",411,"27,2",6,"0,4",1.544,1.537,"99,5",1.267,"82,0",1497,"96,9",1384,"89,6",1471,"95,2",363,"23,5",2,"0,1",1.577,1.570,"99,5",1.318,"83,6",1532,"97,1",1430,"90,6",1494,"94,8",263,"16,7",5,"0,3",1.610,1.605,"99,7",1.347,"83,7",1570,"97,5",1467,"91,1",1548,"96,1"
Vaupés,9,4,"40,9",0,"0,0",2,"24,6",2,"20,3",2,"23,4",0,"0,1",5,"57,5",10,5,"49,6",0,"0,0",2,"25,2",2,"19,6",2,"22,1",0,"0,7",5,"46,5",11,10,"87,1",0,"0,0",3,"31,4",3,"28,3",4,"32,5",0,"1,1",1,"12,7",12,11,"88,3",0,"0,0",4,"30,3",4,"29,3",4,"31,4",0,"0,2",1,"11,5",14,13,"91,4",0,"0,0",4,"29,4",4,"26,0",4,"28,8",0,"0,1",1,"8,6",15,13,"88,7",0,"0,0",4,"27,0",4,"24,1",4,"28,0",0,"0,0",2,"11,2",15,14,"89,9",0,"0,0",4,"27,7",4,"24,6",4,"28,4"
Vichada,31,16,"51,5",0,"0,0",14,"45,6",1,"2,6",10,"30,9",0,"0,3",14,"43,4",31,12,"39,4",0,"0,0",10,"33,5",0,"0,9",10,"32,0",0,"0,1",18,"58,2",37,13,"34,1",0,"0,0",13,"34,9",0,"1,2",10,"25,9",0,"0,1",21,"57,9",43,11,"24,8",0,"0,0",8,"19,1",1,"1,5",10,"22,5",0,"0,1",32,"73,8",33,15,"45,1",0,"0,0",12,"36,8",1,"2,0",11,"32,8",0,"0,4",17,"51,9",49,17,"35,8",0,"0,0",11,"23,5",1,"1,8",12,"24,4",0,"0,3",31,"63,6",41,18,"43,4",0,"0,0",20,"48,0",0,"0,3",10,"23,7"
,,,,,,,,,,,,,,,,,,,,,,,,,,,,,,,,,,,,,,,,,,,,,,,,,,,,,,,,,,,,,,,,,,,,,,,,,,,,,,,,,,,,,,,,,,,,,,,,,,,,,
Fuente: DANE - Encuesta Nacional de Calidad de Vida,,,,,,,,,,,,,,,,,,,,,,,,,,,,,,,,,,,,,,,,,,,,,,,,,,,,,,,,,,,,,,,,,,,,,,,,,,,,,,,,,,,,,,,,,,,,,,,,,,,,,
"Notas: 
- Datos expandidos con proyecciones de población con base en el CNPV 2018
- Resultados en miles. La diferencia en la sumatoria de variables obedece al sistema de aproximación de dígitos.
* En 2024 no se indagó por el acceso a teléfono fijo (pregunta pasó a ser bienal).",,,,,,,,,,,,,,,,,,,,,,,,,,,,,,,,,,,,,,,,,,,,,,,,,,,,,,,,,,,,,,,,,,,,,,,,,,,,,,,,,,,,,,,,,,,,,,,,,,,,,
Actualizado el 24 de abril de 2025,,,,,,,,,,,,,,,,,,,,,,,,,,,,,,,,,,,,,,,,,,,,,,,,,,,,,,,,,,,,,,,,,,,,,,,,,,,,,,,,,,,,,,,,,,,,,,,,,,,,,
,,,,,,,,,,,,,,,,,,,,,,,,,,,,,,,,,,,,,,,,,,,,,,,,,,,,,,,,,,,,,,,,,,,,,,,,,,,,,,,,,,,,,,,,,,,,,,,,,,,,,
,,,,,,,,,,,,,,,,,,,,,,,,,,,,,,,,,,,,,,,,,,,,,,,,,,,,,,,,,,,,,,,,,,,,,,,,,,,,,,,,,,,,,,,,,,,,,,,,,,,,,
,,,,,,,,,,,,,,,,,,,,,,,,,,,,,,,,,,,,,,,,,,,,,,,,,,,,,,,,,,,,,,,,,,,,,,,,,,,,,,,,,,,,,,,,,,,,,,,,,,,,,
